캠프,등록여부
빅분기,등록
빅분기,등록
빅분기,등록
빅분기,등록
빅분기,등록
빅분기,등록
빅분기,등록
빅분기,등록
빅분기,등록
빅분기,등록
빅분기,등록
빅분기,등록
빅분기,등록
빅분기,등록
빅분기,등록
빅분기,등록
빅분기,등록
빅분기,등록
빅분기,등록
빅분기,등록
빅분기,등록
빅분기,등록
빅분기,등록
빅분기,등록
빅분기,등록
빅분기,등록
빅분기,등록
빅분기,등록
빅분기,등록
빅분기,등록
빅분기,등록
빅분기,등록
빅분기,등록
빅분기,등록
빅분기,등록
빅분기,등록
빅분기,등록
빅분기,등록
빅분기,등록
빅분기,등록
빅분기,등록
빅분기,등록
빅분기,등록
빅분기,등록
빅분기,등록
빅분기,등록
빅분기,등록
빅분기,등록
빅분기,등록
빅분기,등록
빅분기,등록안함
빅분기,등록안함
빅분기,등록안함
빅분기,등록안함
빅분기,등록안함
빅분기,등록안함
빅분기,등록안함
빅분기,등록안함
빅분기,등록안함
빅분기,등록안함
빅분기,등록안함
빅분기,등록안함
빅분기,등록안함
빅분기,등록안함
빅분기,등록안함
빅분기,등록안함
빅분기,등록안함
빅분기,등록안함
빅분기,등록안함
빅분기,등록안함
빅분기,등록안함
빅분기,등록안함
빅분기,등록안함
빅분기,등록안함
빅분기,등록안함
빅분기,등록안함
빅분기,등록안함
빅분기,등록안함
빅분기,등록안함
빅분기,등록안함
정처기,등록
정처기,등록
정처기,등록
정처기,등록
정처기,등록
정처기,등록
정처기,등록
정처기,등록
정처기,등록
정처기,등록
정처기,등록
정처기,등록
정처기,등록
정처기,등록
정처기,등록
정처기,등록
정처기,등록
정처기,등록
정처기,등록
정처기,등록
정처기,등록
정처기,등록
정처기,등록
정처기,등록
정처기,등록
정처기,등록
정처기,등록
정처기,등록
정처기,등록
정처기,등록
정처기,등록
정처기,등록
정처기,등록
정처기,등록
정처기,등록
정처기,등록
정처기,등록
정처기,등록
정처기,등록
정처기,등록
정처기,등록
정처기,등록
정처기,등록
정처기,등록
정처기,등록
정처기,등록
정처기,등록
정처기,등록
정처기,등록
정처기,등록
정처기,등록
정처기,등록
정처기,등록
정처기,등록
정처기,등록
정처기,등록
정처기,등록
정처기,등록
정처기,등록
정처기,등록
정처기,등록안함
정처기,등록안함
정처기,등록안함
정처기,등록안함
정처기,등록안함
정처기,등록안함
정처기,등록안함
정처기,등록안함
정처기,등록안함
정처기,등록안함
정처기,등록안함
정처기,등록안함
정처기,등록안함
정처기,등록안함
정처기,등록안함
정처기,등록안함
정처기,등록안함
정처기,등록안함
정처기,등록안함
정처기,등록안함
정처기,등록안함
정처기,등록안함
정처기,등록안함
정처기,등록안함
정처기,등록안함
정처기,등록안함
정처기,등록안함
정처기,등록안함
정처기,등록안함
정처기,등록안함
정처기,등록안함
정처기,등록안함
정처기,등록안함
정처기,등록안함
정처기,등록안함
정처기,등록안함
정처기,등록안함
정처기,등록안함
정처기,등록안함
정처기,등록안함
